application_id,job_id,application_date,status,response_status,first_response_date,email_count
APP0001,JOB0001,,Rejected,Responded,2026-10-05,1
APP0002,JOB0002,,Rejected,Responded,2026-10-01,1
APP0003,JOB0003,,Rejected,Responded,2026-10-01,1
APP0004,JOB0004,,Rejected,Responded,2026-09-25,1
APP0005,JOB0005,2026-09-23,Rejected,Responded,2026-09-25,2
APP0006,JOB0006,2026-09-10,Applied,No Response,,2
APP0007,JOB0007,2026-09-23,Applied,No Response,,1
APP0008,JOB0008,2026-09-23,Applied,No Response,,1
APP0009,JOB0009,2026-08-28,Rejected,Responded,2026-09-22,2
APP0010,JOB0010,,Rejected,Responded,2026-09-21,1
APP0011,JOB0011,2026-09-01,Rejected,Responded,2026-09-18,2
APP0012,JOB0012,2026-09-10,Applied,No Response,,1
APP0013,JOB0013,2026-09-02,Rejected,Responded,2026-09-10,2
APP0014,JOB0014,,Rejected,Responded,2026-09-09,1
APP0015,JOB0015,,Rejected,Responded,2026-09-09,1
APP0016,JOB0016,,Rejected,Responded,2026-09-08,1
APP0017,JOB0017,,Rejected,Responded,2026-09-08,1
APP0018,JOB0018,,Rejected,Responded,2026-09-08,1
APP0019,JOB0019,,Rejected,Responded,2026-09-08,1
APP0020,JOB0020,,Rejected,Responded,2026-09-08,1
APP0021,JOB0021,2026-09-05,Rejected,Responded,2026-09-08,2
APP0022,JOB0022,2026-09-08,Applied,No Response,,1
APP0023,JOB0023,2026-09-08,Applied,No Response,,1
APP0024,JOB0024,2026-09-08,Applied,No Response,,1
APP0025,JOB0025,2026-09-08,Applied,No Response,,1
APP0026,JOB0026,2026-09-08,Applied,No Response,,1
APP0027,JOB0027,2026-09-08,Applied,No Response,,1
APP0028,JOB0028,2026-09-08,Applied,No Response,,1
APP0029,JOB0029,2026-09-08,Applied,No Response,,1
APP0030,JOB0030,2026-09-08,Applied,No Response,,1
APP0031,JOB0031,2026-09-08,Applied,No Response,,1
APP0032,JOB0032,2026-09-08,Applied,No Response,,1
APP0033,JOB0033,2026-09-08,Applied,No Response,,1
APP0034,JOB0034,2026-09-08,Applied,No Response,,1
APP0035,JOB0035,2026-09-08,Applied,No Response,,1
APP0036,JOB0036,2026-09-08,Applied,No Response,,1
APP0037,JOB0037,2026-09-08,Applied,No Response,,1
APP0038,JOB0038,2026-09-08,Applied,No Response,,1
APP0039,JOB0039,2026-09-04,Rejected,Responded,2026-09-07,2
APP0040,JOB0040,,Rejected,Responded,2026-09-07,1
APP0041,JOB0041,2026-09-07,Applied,No Response,,1
APP0042,JOB0042,2026-09-07,Applied,No Response,,1
APP0043,JOB0043,2026-09-01,Rejected,Responded,2026-09-07,2
APP0044,JOB0044,2026-09-06,Applied,No Response,,1
APP0045,JOB0045,2026-09-06,Applied,No Response,,1
APP0046,JOB0046,2026-09-06,Applied,No Response,,1
APP0047,JOB0047,2026-09-06,Applied,No Response,,1
APP0048,JOB0048,2026-10-06,Applied,No Response,,1
APP0049,JOB0049,2026-09-06,Applied,No Response,,1
APP0050,JOB0050,2026-09-06,Applied,No Response,,1
APP0051,JOB0051,2026-09-06,Applied,No Response,,1
APP0052,JOB0052,2026-09-06,Applied,No Response,,1
APP0053,JOB0053,2026-09-06,Applied,No Response,,1
APP0054,JOB0054,2026-09-06,Applied,No Response,,1
APP0055,JOB0055,2026-09-06,Applied,No Response,,1
APP0056,JOB0056,2026-09-06,Applied,No Response,,1
APP0057,JOB0057,2026-09-06,Applied,No Response,,1
APP0058,JOB0058,2026-09-06,Applied,No Response,,1
APP0059,JOB0059,2026-09-06,Applied,No Response,,1
APP0060,JOB0060,2026-09-05,Applied,No Response,,1
APP0061,JOB0061,2026-09-05,Applied,No Response,,1
APP0062,JOB0062,2026-09-05,Applied,No Response,,1
APP0063,JOB0063,2026-09-05,Applied,No Response,,1
APP0064,JOB0064,2026-09-05,Applied,No Response,,1
APP0065,JOB0065,2026-09-05,Applied,No Response,,1
APP0066,JOB0066,2026-09-05,Applied,No Response,,1
APP0067,JOB0067,2026-09-05,Applied,No Response,,1
APP0068,JOB0068,2026-09-05,Applied,No Response,,1
APP0069,JOB0069,2026-09-05,Applied,No Response,,1
APP0070,JOB0070,2026-09-05,Applied,No Response,,1
APP0071,JOB0071,2026-09-05,Applied,No Response,,1
APP0072,JOB0072,2026-09-05,Applied,No Response,,1
APP0073,JOB0073,2026-09-05,Applied,No Response,,1
APP0074,JOB0074,2026-09-05,Applied,No Response,,1
APP0075,JOB0075,2026-09-05,Applied,No Response,,1
APP0076,JOB0076,2026-09-05,Applied,No Response,,1
APP0077,JOB0077,2026-09-05,Applied,No Response,,1
APP0078,JOB0078,2026-09-05,Applied,No Response,,1
APP0079,JOB0079,2026-09-05,Applied,No Response,,1
APP0080,JOB0080,2026-09-05,Applied,No Response,,1
APP0081,JOB0081,2026-09-05,Applied,No Response,,1
APP0082,JOB0082,2026-09-05,Applied,No Response,,1
APP0083,JOB0083,2026-09-05,Applied,No Response,,1
APP0084,JOB0084,2026-09-05,Applied,No Response,,1
APP0085,JOB0085,2026-09-05,Applied,No Response,,1
APP0086,JOB0086,2026-09-05,Applied,No Response,,1
APP0087,JOB0087,2026-09-05,Applied,No Response,,1
APP0088,JOB0088,2026-09-05,Applied,No Response,,1
APP0089,JOB0089,2026-09-05,Applied,No Response,,1
APP0090,JOB0090,2026-09-04,Applied,No Response,,1
APP0091,JOB0091,2026-09-04,Applied,No Response,,1
APP0092,JOB0092,2026-09-04,Applied,No Response,,1
APP0093,JOB0093,2026-09-04,Applied,No Response,,1
APP0094,JOB0094,2026-09-04,Applied,No Response,,1
APP0095,JOB0095,2026-09-04,Applied,No Response,,1
APP0096,JOB0096,2026-09-04,Applied,No Response,,1
APP0097,JOB0097,2026-09-04,Applied,No Response,,1
APP0098,JOB0098,2026-09-04,Applied,No Response,,1
APP0099,JOB0099,2026-09-04,Applied,No Response,,1
APP0100,JOB0100,2026-09-04,Applied,No Response,,1
APP0101,JOB0101,2026-09-04,Applied,No Response,,1
APP0102,JOB0102,2026-09-04,Applied,No Response,,1
APP0103,JOB0103,2026-09-04,Applied,No Response,,1
APP0104,JOB0104,2026-09-04,Applied,No Response,,1
APP0105,JOB0105,2026-09-04,Applied,No Response,,1
APP0106,JOB0106,2026-09-04,Applied,No Response,,1
APP0107,JOB0107,2026-09-04,Applied,No Response,,1
APP0108,JOB0108,2026-09-04,Applied,No Response,,1
APP0109,JOB0109,2026-09-04,Applied,No Response,,1
APP0110,JOB0110,2026-09-04,Applied,No Response,,1
APP0111,JOB0111,2026-09-04,Applied,No Response,,1
APP0112,JOB0112,2026-09-04,Applied,No Response,,1
APP0113,JOB0113,2026-09-04,Applied,No Response,,1
APP0114,JOB0114,2026-09-04,Applied,No Response,,1
APP0115,JOB0115,2026-09-04,Applied,No Response,,1
APP0116,JOB0116,2026-09-04,Applied,No Response,,1
APP0117,JOB0117,2026-09-04,Applied,No Response,,1
APP0118,JOB0118,,Rejected,Responded,2026-09-04,1
APP0119,JOB0119,2026-09-04,Applied,No Response,,1
APP0120,JOB0120,2026-09-04,Applied,No Response,,1
APP0121,JOB0121,2026-09-04,Applied,No Response,,1
APP0122,JOB0122,2026-09-04,Applied,No Response,,1
APP0123,JOB0123,2026-09-04,Applied,No Response,,1
APP0124,JOB0124,2026-09-04,Applied,No Response,,1
APP0125,JOB0125,2026-09-04,Applied,No Response,,1
APP0126,JOB0126,2026-09-04,Applied,No Response,,1
APP0127,JOB0127,2026-09-04,Applied,No Response,,1
APP0128,JOB0128,2026-09-04,Applied,No Response,,1
APP0129,JOB0129,2026-09-04,Applied,No Response,,1
APP0130,JOB0130,2026-09-04,Applied,No Response,,1
APP0131,JOB0131,2026-09-04,Applied,No Response,,1
APP0132,JOB0132,2026-09-04,Applied,No Response,,1
APP0133,JOB0133,2026-09-04,Applied,No Response,,1
APP0134,JOB0134,2026-09-04,Applied,No Response,,1
APP0135,JOB0135,2026-09-04,Applied,No Response,,1
APP0136,JOB0136,2026-09-04,Applied,No Response,,1
APP0137,JOB0137,2026-09-04,Applied,No Response,,1
APP0138,JOB0138,2026-09-04,Applied,No Response,,1
APP0139,JOB0139,2026-09-04,Applied,No Response,,1
APP0140,JOB0140,,Rejected,Responded,2026-09-04,1
APP0141,JOB0141,,Rejected,Responded,2026-09-04,1
APP0142,JOB0142,2026-08-11,Rejected,Responded,2026-09-04,2
APP0143,JOB0143,,Rejected,Responded,2026-09-03,1
APP0144,JOB0144,,Rejected,Responded,2026-09-03,1
APP0145,JOB0145,2026-09-03,Applied,No Response,,1
APP0146,JOB0146,2026-09-03,Applied,No Response,,1
APP0147,JOB0147,2026-09-03,Applied,No Response,,1
APP0148,JOB0148,,Rejected,Responded,2026-09-03,1
APP0149,JOB0149,2026-09-02,Applied,No Response,,1
APP0150,JOB0150,2026-09-02,Applied,No Response,,1
APP0151,JOB0151,2026-09-02,Applied,No Response,,1
APP0152,JOB0152,2026-09-02,Applied,No Response,,1
APP0153,JOB0153,2026-09-02,Applied,No Response,,1
APP0154,JOB0154,2026-09-02,Applied,No Response,,1
APP0155,JOB0155,2026-09-02,Applied,No Response,,1
APP0156,JOB0156,2026-09-02,Applied,No Response,,1
APP0157,JOB0157,2026-09-02,Applied,No Response,,1
APP0158,JOB0158,2026-09-02,Applied,No Response,,1
APP0159,JOB0159,2026-09-02,Applied,No Response,,1
APP0160,JOB0160,2026-09-02,Applied,No Response,,1
APP0161,JOB0161,2026-09-02,Applied,No Response,,1
APP0162,JOB0162,2026-09-02,Applied,No Response,,1
APP0163,JOB0163,2026-09-02,Applied,No Response,,1
APP0164,JOB0164,2026-09-02,Applied,No Response,,1
APP0165,JOB0165,2026-09-02,Applied,No Response,,1
APP0166,JOB0166,2026-09-02,Applied,No Response,,1
APP0167,JOB0167,2026-09-02,Applied,No Response,,1
APP0168,JOB0168,2026-09-02,Applied,No Response,,1
APP0169,JOB0169,2026-09-02,Applied,No Response,,1
APP0170,JOB0170,2026-09-02,Applied,No Response,,1
APP0171,JOB0171,2026-09-02,Applied,No Response,,1
APP0172,JOB0172,2026-09-02,Applied,No Response,,1
APP0173,JOB0173,2026-09-02,Applied,No Response,,1
APP0174,JOB0174,2026-09-02,Applied,No Response,,1
APP0175,JOB0175,2026-09-02,Applied,No Response,,1
APP0176,JOB0176,2026-09-02,Applied,No Response,,1
APP0177,JOB0177,2026-09-02,Applied,No Response,,1
APP0178,JOB0178,2026-09-02,Applied,No Response,,1
APP0179,JOB0179,2026-09-02,Applied,No Response,,1
APP0180,JOB0180,2026-09-02,Applied,No Response,,1
APP0181,JOB0181,2026-09-02,Applied,No Response,,1
APP0182,JOB0182,2026-09-02,Applied,No Response,,1
APP0183,JOB0183,2026-09-02,Applied,No Response,,1
APP0184,JOB0036,2026-09-02,Applied,No Response,,1
APP0185,JOB0184,2026-09-02,Applied,No Response,,1
APP0186,JOB0185,2026-09-02,Applied,No Response,,1
APP0187,JOB0186,2026-09-02,Applied,No Response,,1
APP0188,JOB0187,2026-09-02,Applied,No Response,,1
APP0189,JOB0188,2026-09-02,Applied,No Response,,1
APP0190,JOB0189,2026-09-02,Applied,No Response,,1
APP0191,JOB0190,2026-09-02,Applied,No Response,,1
APP0192,JOB0191,2026-09-02,Applied,No Response,,1
APP0193,JOB0192,2026-09-02,Applied,No Response,,1
APP0194,JOB0193,2026-09-02,Applied,No Response,,1
APP0195,JOB0194,2026-09-02,Applied,No Response,,1
APP0196,JOB0195,2026-09-02,Applied,No Response,,1
APP0197,JOB0196,2026-09-02,Applied,No Response,,1
APP0198,JOB0197,2026-09-02,Applied,No Response,,1
APP0199,JOB0198,2026-09-02,Applied,No Response,,1
APP0200,JOB0199,2026-09-02,Applied,No Response,,1
APP0201,JOB0200,2026-09-02,Applied,No Response,,1
APP0202,JOB0201,2026-09-02,Applied,No Response,,1
APP0203,JOB0202,2026-09-02,Applied,No Response,,1
APP0204,JOB0203,2026-09-02,Applied,No Response,,1
APP0205,JOB0204,2026-09-02,Applied,No Response,,1
APP0206,JOB0205,2026-09-02,Applied,No Response,,1
APP0207,JOB0206,2026-09-02,Applied,No Response,,1
APP0208,JOB0207,2026-09-02,Applied,No Response,,1
APP0209,JOB0208,2026-09-02,Applied,No Response,,1
APP0210,JOB0209,2026-09-02,Applied,No Response,,2
APP0211,JOB0210,2026-09-02,Applied,No Response,,1
APP0212,JOB0211,2026-09-02,Applied,No Response,,1
APP0213,JOB0212,2026-09-02,Applied,No Response,,1
APP0214,JOB0213,2026-09-02,Applied,No Response,,1
APP0215,JOB0214,,Rejected,Responded,2026-09-02,1
APP0216,JOB0215,2026-09-02,Applied,No Response,,1
APP0217,JOB0216,2026-09-02,Applied,No Response,,1
APP0218,JOB0217,2026-09-01,Applied,No Response,,1
APP0219,JOB0218,2026-09-01,Applied,No Response,,1
APP0220,JOB0219,2026-09-01,Applied,No Response,,1
APP0221,JOB0220,2026-09-01,Applied,No Response,,1
APP0222,JOB0221,2026-09-01,Applied,No Response,,1
APP0223,JOB0222,2026-09-01,Applied,No Response,,1
APP0224,JOB0223,2026-09-01,Applied,No Response,,1
APP0225,JOB0224,2026-09-01,Applied,No Response,,1
APP0226,JOB0225,2026-09-01,Applied,No Response,,1
APP0227,JOB0226,2026-09-01,Applied,No Response,,1
APP0228,JOB0227,2026-09-01,Applied,No Response,,1
APP0229,JOB0228,2026-09-01,Applied,No Response,,1
APP0230,JOB0229,2026-09-01,Applied,No Response,,1
APP0231,JOB0230,2026-09-01,Applied,No Response,,1
APP0232,JOB0231,2026-09-01,Applied,No Response,,1
APP0233,JOB0232,2026-09-01,Applied,No Response,,1
APP0234,JOB0233,2026-09-01,Applied,No Response,,1
APP0235,JOB0234,2026-09-01,Applied,No Response,,1
APP0236,JOB0235,2026-09-01,Applied,No Response,,1
APP0237,JOB0236,2026-09-01,Applied,No Response,,1
APP0238,JOB0237,2026-09-01,Applied,No Response,,1
APP0239,JOB0238,2026-09-01,Applied,No Response,,1
APP0240,JOB0239,2026-09-01,Applied,No Response,,1
APP0241,JOB0240,2026-09-01,Applied,No Response,,1
APP0242,JOB0241,2026-09-01,Applied,No Response,,1
APP0243,JOB0242,2026-09-01,Applied,No Response,,1
APP0244,JOB0243,2026-09-01,Applied,No Response,,1
APP0245,JOB0244,2026-09-01,Applied,No Response,,1
APP0246,JOB0245,2026-09-01,Applied,No Response,,1
APP0247,JOB0246,2026-09-01,Applied,No Response,,1
APP0248,JOB0230,2026-09-01,Applied,No Response,,1
APP0249,JOB0247,2026-09-01,Applied,No Response,,1
APP0250,JOB0248,2026-09-01,Applied,No Response,,1
APP0251,JOB0249,2026-09-01,Applied,No Response,,1
APP0252,JOB0250,2026-09-01,Applied,No Response,,1
APP0253,JOB0251,2026-09-01,Applied,No Response,,1
APP0254,JOB0252,2026-08-31,Applied,No Response,,1
APP0255,JOB0253,2026-08-28,Applied,No Response,,1
APP0256,JOB0254,2026-08-28,Applied,No Response,,1
APP0257,JOB0255,2026-08-28,Applied,No Response,,1
APP0258,JOB0256,2026-08-28,Applied,No Response,,1
APP0259,JOB0257,2026-08-28,Applied,No Response,,1
APP0260,JOB0258,2026-08-25,Applied,No Response,,1
APP0261,JOB0259,2026-08-25,Applied,No Response,,1
APP0262,JOB0260,2026-08-14,Applied,No Response,,1
APP0263,JOB0261,,Rejected,Responded,2026-08-14,1
APP0264,JOB0262,2026-08-13,Applied,No Response,,1
APP0265,JOB0263,2026-08-13,Applied,No Response,,1
APP0266,JOB0264,2026-08-13,Applied,No Response,,1
APP0267,JOB0265,2026-08-13,Applied,No Response,,1
APP0268,JOB0266,2026-08-13,Applied,No Response,,1
APP0269,JOB0267,2026-08-13,Applied,No Response,,1
APP0270,JOB0268,2026-08-13,Applied,No Response,,1
APP0271,JOB0269,2026-08-13,Applied,No Response,,1
APP0272,JOB0270,2026-08-13,Applied,No Response,,1
APP0273,JOB0271,2026-08-13,Applied,No Response,,1
APP0274,JOB0272,2026-08-13,Applied,No Response,,1
APP0275,JOB0273,2026-08-13,Applied,No Response,,1
APP0276,JOB0274,2026-08-13,Applied,No Response,,1
APP0277,JOB0275,2026-08-13,Applied,No Response,,1
APP0278,JOB0276,2026-08-13,Applied,No Response,,1
APP0279,JOB0277,2026-08-13,Applied,No Response,,1
APP0280,JOB0278,2026-08-13,Applied,No Response,,1
APP0281,JOB0279,,Rejected,Responded,2026-08-12,1
APP0282,JOB0280,,Rejected,Responded,2026-08-12,1
APP0283,JOB0281,2026-08-11,Applied,No Response,,1
APP0284,JOB0282,2026-08-11,Applied,No Response,,1
APP0285,JOB0283,2026-08-11,Applied,No Response,,1
APP0286,JOB0284,2026-08-11,Applied,No Response,,1
APP0287,JOB0285,2026-08-11,Applied,No Response,,1
APP0288,JOB0286,2026-08-11,Applied,No Response,,1
APP0289,JOB0287,2026-08-11,Applied,No Response,,1
APP0290,JOB0288,2026-08-11,Applied,No Response,,1
APP0291,JOB0289,2026-08-11,Applied,No Response,,1
APP0292,JOB0290,2026-08-11,Applied,No Response,,1
APP0293,JOB0291,2026-08-11,Applied,No Response,,1
APP0294,JOB0292,2026-08-11,Applied,No Response,,1
APP0295,JOB0293,2026-08-11,Applied,No Response,,1
APP0296,JOB0294,2026-08-11,Applied,No Response,,1
APP0297,JOB0295,2026-08-11,Applied,No Response,,1
APP0298,JOB0296,2026-08-11,Applied,No Response,,1
APP0299,JOB0297,2026-08-11,Applied,No Response,,1
APP0300,JOB0298,2026-08-11,Applied,No Response,,1
APP0301,JOB0299,2026-08-11,Applied,No Response,,1
APP0302,JOB0300,2026-08-11,Applied,No Response,,1
APP0303,JOB0301,2026-08-11,Applied,No Response,,1
APP0304,JOB0302,2026-08-11,Applied,No Response,,1
APP0305,JOB0303,2026-08-11,Applied,No Response,,1
APP0306,JOB0304,2026-08-11,Applied,No Response,,1
APP0307,JOB0305,2026-08-11,Applied,No Response,,1
APP0308,JOB0306,2026-08-11,Applied,No Response,,1
APP0309,JOB0307,2026-08-11,Applied,No Response,,1
APP0310,JOB0308,2026-08-11,Applied,No Response,,1
APP0311,JOB0309,2026-08-11,Applied,No Response,,1
APP0312,JOB0310,2026-08-11,Applied,No Response,,1
APP0313,JOB0311,2026-08-11,Applied,No Response,,1
APP0314,JOB0312,,Rejected,Responded,2026-08-11,1
APP0315,JOB0313,2026-08-10,Applied,No Response,,1
APP0316,JOB0314,2026-08-10,Applied,No Response,,1
APP0317,JOB0315,2026-08-10,Applied,No Response,,1
APP0318,JOB0316,2026-08-10,Applied,No Response,,1
APP0319,JOB0317,2026-08-10,Applied,No Response,,1
APP0320,JOB0318,2026-08-10,Applied,No Response,,1
APP0321,JOB0319,2026-08-10,Applied,No Response,,1
APP0322,JOB0320,2026-08-10,Applied,No Response,,1
APP0323,JOB0321,2026-08-10,Applied,No Response,,1
APP0324,JOB0322,,Rejected,Responded,2026-08-10,1
APP0325,JOB0311,2026-08-10,Applied,No Response,,1
APP0326,JOB0323,,Rejected,Responded,2026-08-10,1
APP0327,JOB0324,2026-08-08,Applied,No Response,,1
APP0328,JOB0325,2026-08-08,Applied,No Response,,1
APP0329,JOB0326,2026-08-08,Applied,No Response,,1
APP0330,JOB0327,2026-08-08,Applied,No Response,,1
APP0331,JOB0328,2026-08-08,Applied,No Response,,1
APP0332,JOB0329,2026-08-08,Applied,No Response,,1
APP0333,JOB0330,2026-08-08,Applied,No Response,,1
APP0334,JOB0331,2026-08-08,Applied,No Response,,1
APP0335,JOB0332,2026-08-08,Applied,No Response,,1
APP0336,JOB0333,,Rejected,Responded,2026-07-01,1
APP0337,JOB0334,,Rejected,Responded,2026-06-03,1
APP0338,JOB0335,,Rejected,Responded,2026-06-03,1
APP0339,JOB0336,,Rejected,Responded,2026-05-25,1
APP0340,JOB0337,2026-04-30,Applied,No Response,,1
APP0341,JOB0338,2026-04-30,Applied,No Response,,1
APP0342,JOB0339,2026-04-29,Applied,No Response,,1
APP0343,JOB0340,2026-04-29,Applied,No Response,,1
APP0344,JOB0341,,Rejected,Responded,2026-04-22,1
APP0345,JOB0342,,Rejected,Responded,2026-04-21,1
APP0346,JOB0343,2026-04-15,Applied,No Response,,1
APP0347,JOB0344,2026-04-15,Applied,No Response,,1
APP0348,JOB0345,2026-04-15,Applied,No Response,,1
APP0349,JOB0346,2026-04-15,Applied,No Response,,1
APP0350,JOB0347,2026-04-02,Rejected,Responded,2026-04-10,2
APP0351,JOB0348,2026-04-07,Applied,No Response,,1
APP0352,JOB0349,2026-04-06,Applied,No Response,,1
APP0353,JOB0350,2026-04-04,Applied,No Response,,1
APP0354,JOB0351,2026-04-03,Applied,No Response,,1
APP0355,JOB0352,2026-04-03,Applied,No Response,,1
APP0356,JOB0353,2026-04-03,Applied,No Response,,1
APP0357,JOB0354,2026-04-03,Applied,No Response,,1
APP0358,JOB0355,2026-04-03,Applied,No Response,,1
APP0359,JOB0356,2026-04-02,Applied,No Response,,1
APP0360,JOB0357,2026-04-02,Applied,No Response,,1
APP0361,JOB0358,2026-04-02,Applied,No Response,,1
APP0362,JOB0359,2026-04-02,Applied,No Response,,1
APP0363,JOB0360,2026-04-02,Applied,No Response,,1
APP0364,JOB0361,2026-04-02,Applied,No Response,,1
APP0365,JOB0362,2026-04-01,Applied,No Response,,1
APP0366,JOB0363,2026-04-01,Applied,No Response,,1
APP0367,JOB0364,2026-04-01,Applied,No Response,,1
APP0368,JOB0365,2026-04-01,Applied,No Response,,1
APP0369,JOB0366,2026-04-01,Applied,No Response,,1
APP0370,JOB0367,2026-04-01,Applied,No Response,,1
APP0371,JOB0368,2026-04-01,Applied,No Response,,1
APP0372,JOB0369,2026-04-01,Applied,No Response,,1
APP0373,JOB0370,2026-04-01,Applied,No Response,,1
APP0374,JOB0371,2026-04-01,Applied,No Response,,1
APP0375,JOB0372,2026-04-01,Applied,No Response,,1
APP0376,JOB0373,2026-04-01,Applied,No Response,,1
APP0377,JOB0374,2026-04-01,Applied,No Response,,1
APP0378,JOB0374,2026-04-01,Applied,No Response,,1
APP0379,JOB0375,2026-04-01,Applied,No Response,,1
APP0380,JOB0376,,Rejected,Responded,2026-03-31,1
APP0381,JOB0377,,Rejected,Responded,2026-03-30,1
APP0382,JOB0378,2026-03-29,Applied,No Response,,1
APP0383,JOB0379,2026-03-24,Applied,No Response,,1
APP0384,JOB0380,2026-03-23,Applied,No Response,,1
APP0385,JOB0381,2026-03-23,Applied,No Response,,1
APP0386,JOB0382,2026-03-23,Applied,No Response,,1
APP0387,JOB0383,2026-03-23,Applied,No Response,,1
APP0388,JOB0384,2026-03-23,Applied,No Response,,1
APP0389,JOB0385,2026-03-23,Applied,No Response,,1
APP0390,JOB0386,,Rejected,Responded,2026-03-19,1
APP0391,JOB0387,,Rejected,Responded,2026-03-18,1
APP0392,JOB0388,2026-03-16,Applied,No Response,,1
APP0393,JOB0389,2026-03-10,Rejected,Responded,2026-03-12,2
APP0394,JOB0390,2026-03-10,Applied,No Response,,1
APP0395,JOB0391,2026-03-10,Applied,No Response,,1
APP0396,JOB0392,2026-03-10,Applied,No Response,,1
APP0397,JOB0393,2026-03-10,Applied,No Response,,1
APP0398,JOB0394,2026-03-10,Applied,No Response,,1
APP0399,JOB0395,2026-03-09,Applied,No Response,,1
APP0400,JOB0396,,Rejected,Responded,2026-03-09,1
APP0401,JOB0397,2026-03-09,Applied,No Response,,1
APP0402,JOB0398,2026-03-09,Applied,No Response,,1
APP0403,JOB0399,2026-03-05,Applied,No Response,,1
APP0404,JOB0400,2026-03-02,Applied,No Response,,1
APP0405,JOB0401,2026-03-02,Applied,No Response,,1
APP0406,JOB0402,,Rejected,Responded,2026-02-28,1
APP0407,JOB0403,2026-02-25,Applied,No Response,,1
APP0408,JOB0404,2026-02-25,Applied,No Response,,1
APP0409,JOB0405,2026-02-25,Applied,No Response,,1
APP0410,JOB0406,2026-02-25,Applied,No Response,,1
APP0411,JOB0407,2026-02-25,Applied,No Response,,1
APP0412,JOB0408,2026-02-21,Rejected,Responded,2026-02-23,2
APP0413,JOB0409,2026-02-21,Rejected,Responded,2026-02-23,2
APP0414,JOB0410,2026-02-23,Applied,No Response,,1
APP0415,JOB0411,2026-02-23,Applied,No Response,,1
APP0416,JOB0412,2026-02-23,Applied,No Response,,1
APP0417,JOB0413,2026-02-23,Applied,No Response,,1
APP0418,JOB0414,2026-02-23,Applied,No Response,,1
APP0419,JOB0415,2026-02-23,Applied,No Response,,1
APP0420,JOB0416,2026-02-23,Applied,No Response,,1
APP0421,JOB0417,2026-02-23,Applied,No Response,,1
APP0422,JOB0418,2026-02-23,Applied,No Response,,1
APP0423,JOB0419,2026-02-23,Applied,No Response,,1
APP0424,JOB0420,2026-02-23,Applied,No Response,,1
APP0425,JOB0421,2026-02-23,Applied,No Response,,1
APP0426,JOB0422,2026-02-23,Applied,No Response,,1
APP0427,JOB0423,2026-02-23,Applied,No Response,,1
APP0428,JOB0424,2026-02-22,Applied,No Response,,1
APP0429,JOB0425,2026-02-21,Applied,No Response,,1
APP0430,JOB0426,2026-02-21,Applied,No Response,,1
APP0431,JOB0427,2026-02-21,Applied,No Response,,1
APP0432,JOB0428,2026-02-21,Applied,No Response,,1
APP0433,JOB0429,2026-02-21,Applied,No Response,,1
APP0434,JOB0430,2026-02-21,Applied,No Response,,1
APP0435,JOB0431,2026-02-16,Applied,No Response,,1
APP0436,JOB0432,,Rejected,Responded,2026-02-11,1
APP0437,JOB0433,,Rejected,Responded,2026-02-10,1
APP0438,JOB0434,,Rejected,Responded,2026-02-07,1
APP0439,JOB0435,2026-02-05,Applied,No Response,,1
APP0440,JOB0436,2026-02-05,Applied,No Response,,1
APP0441,JOB0437,2026-02-05,Applied,No Response,,1
APP0442,JOB0438,2026-02-05,Applied,No Response,,1
APP0443,JOB0439,2026-02-05,Applied,No Response,,1
APP0444,JOB0440,2026-02-05,Applied,No Response,,1
APP0445,JOB0441,2026-02-05,Applied,No Response,,1
APP0446,JOB0442,2026-02-05,Applied,No Response,,1
APP0447,JOB0443,2026-02-05,Applied,No Response,,1
APP0448,JOB0444,2026-02-05,Applied,No Response,,1
APP0449,JOB0445,2026-02-05,Applied,No Response,,1
APP0450,JOB0446,2026-01-24,Applied,No Response,,1
APP0451,JOB0447,2025-11-10,Applied,No Response,,1
APP0452,JOB0448,2025-11-10,Applied,No Response,,1
APP0453,JOB0449,2025-11-10,Applied,No Response,,1
APP0454,JOB0450,2025-11-10,Applied,No Response,,1
APP0455,JOB0451,2025-11-10,Applied,No Response,,1
APP0456,JOB0452,2025-11-10,Applied,No Response,,1
APP0457,JOB0453,2025-11-10,Applied,No Response,,1
APP0458,JOB0454,2025-11-10,Applied,No Response,,1
APP0459,JOB0455,2025-10-29,Applied,No Response,,1
